imageIndex,detectorType,descriptorType,detectorTime(in ms),descriptorTime(in ms),detectectedKeypoints,avg neighborood size,matchedKeypoints,totalTime(in ms),matches/ms,
0,HARRIS,BRISK,14.1001,0.738428,17,6,NA,14.8385,
1,HARRIS,BRISK,9.94803,0.654287,14,6,12,10.6023,1.13183
2,HARRIS,BRISK,10.3996,0.680763,18,6,10,11.0804,0.902495
3,HARRIS,BRISK,9.98086,0.709562,21,6,14,10.6904,1.30958
4,HARRIS,BRISK,9.88767,0.742659,26,6,15,10.6303,1.41106
5,HARRIS,BRISK,16.6058,0.854424,43,6,16,17.4602,0.91637
6,HARRIS,BRISK,9.39267,0.67934,18,6,16,10.072,1.58856
7,HARRIS,BRISK,10.5444,0.775049,31,6,15,11.3194,1.32516
8,HARRIS,BRISK,9.82462,0.743919,26,6,23,10.5685,2.17627
9,HARRIS,BRISK,12.6244,0.792202,34,6,21,13.4166,1.56523

imageIndex,detectorType,descriptorType,detectorTime(in ms),descriptorTime(in ms),detectectedKeypoints,avg neighborood size,matchedKeypoints,totalTime(in ms),matches/ms,
0,SHITOMASI,BRISK,10.6978,1.42581,125,4,NA,12.1236,
1,SHITOMASI,BRISK,10.6822,1.41809,118,4,95,12.1003,7.85105
2,SHITOMASI,BRISK,10.0371,1.46051,123,4,88,11.4976,7.65374
3,SHITOMASI,BRISK,10.6232,1.43342,120,4,80,12.0566,6.63536
4,SHITOMASI,BRISK,10.0788,1.38623,120,4,90,11.465,7.84998
5,SHITOMASI,BRISK,10.3611,1.38617,113,4,82,11.7472,6.98036
6,SHITOMASI,BRISK,10.5762,1.34793,114,4,79,11.9241,6.62524
7,SHITOMASI,BRISK,10.4821,1.41997,123,4,85,11.9021,7.1416
8,SHITOMASI,BRISK,10.5117,1.32252,111,4,86,11.8342,7.26708
9,SHITOMASI,BRISK,10.6608,1.33916,112,4,82,12,6.83336

imageIndex,detectorType,descriptorType,detectorTime(in ms),descriptorTime(in ms),detectectedKeypoints,avg neighborood size,matchedKeypoints,totalTime(in ms),matches/ms,
0,SIFT,BRISK,86.4534,1.36672,138,4.98471,NA,87.8202,
1,SIFT,BRISK,74.9554,1.30638,132,5.0898,64,76.2618,0.839214
2,SIFT,BRISK,76.402,1.21031,124,4.93927,66,77.6123,0.850381
3,SIFT,BRISK,76.9243,1.28972,137,4.73122,62,78.214,0.792697
4,SIFT,BRISK,77.6717,1.27634,134,4.71959,66,78.9481,0.835992
5,SIFT,BRISK,77.3664,1.32691,140,4.68397,59,78.6933,0.749746
6,SIFT,BRISK,77.61,1.29172,137,5.40797,64,78.9017,0.811135
7,SIFT,BRISK,77.8385,1.36051,148,4.62187,64,79.199,0.808091
8,SIFT,BRISK,79.4077,1.48998,159,5.51997,67,80.8977,0.828207
9,SIFT,BRISK,78.2864,1.22146,137,5.6251,80,79.5078,1.00619

imageIndex,detectorType,descriptorType,detectorTime(in ms),descriptorTime(in ms),detectectedKeypoints,avg neighborood size,matchedKeypoints,totalTime(in ms),matches/ms,
0,FAST,BRISK,0.650929,1.8878,149,7,NA,2.53872,
1,FAST,BRISK,0.661961,1.567,152,7,97,2.22896,43.518
2,FAST,BRISK,0.657363,1.58055,150,7,104,2.23791,46.472
3,FAST,BRISK,0.609822,1.57342,155,7,101,2.18324,46.2614
4,FAST,BRISK,0.652085,1.58319,149,7,98,2.23528,43.8425
5,FAST,BRISK,0.624467,1.56742,149,7,85,2.19189,38.7794
6,FAST,BRISK,0.623478,1.58779,156,7,107,2.21127,48.3885
7,FAST,BRISK,0.621279,1.53588,150,7,107,2.15716,49.6022
8,FAST,BRISK,0.648255,1.48571,138,7,100,2.13396,46.8611
9,FAST,BRISK,0.657912,1.48613,143,7,100,2.14404,46.641

imageIndex,detectorType,descriptorType,detectorTime(in ms),descriptorTime(in ms),detectectedKeypoints,avg neighborood size,matchedKeypoints,totalTime(in ms),matches/ms,
0,BRISK,BRISK,32.0209,2.56126,264,21.5492,NA,34.5822,
1,BRISK,BRISK,31.8228,2.7076,282,21.7853,171,34.5304,4.95215
2,BRISK,BRISK,32.0735,2.7234,282,21.6509,176,34.7969,5.05793
3,BRISK,BRISK,31.8947,2.52435,277,20.3583,157,34.419,4.56143
4,BRISK,BRISK,31.1121,2.83799,297,22.5911,176,33.95,5.18409
5,BRISK,BRISK,32.0473,2.67513,279,22.9442,174,34.7224,5.01117
6,BRISK,BRISK,32.0119,2.81666,289,21.8014,188,34.8286,5.39786
7,BRISK,BRISK,30.7898,2.64971,272,22.1472,173,33.4395,5.17353
8,BRISK,BRISK,31.6511,2.61963,266,22.5558,171,34.2708,4.98967
9,BRISK,BRISK,31.7938,2.51539,254,22.0389,184,34.3091,5.363

imageIndex,detectorType,descriptorType,detectorTime(in ms),descriptorTime(in ms),detectectedKeypoints,avg neighborood size,matchedKeypoints,totalTime(in ms),matches/ms,
0,ORB,BRISK,76.5728,1.12918,92,57.0723,NA,77.702,
1,ORB,BRISK,6.20495,1.25973,102,57.2273,73,7.46468,9.77938
2,ORB,BRISK,5.83551,1.23586,106,56.4948,74,7.07137,10.4647
3,ORB,BRISK,5.78243,1.31493,113,55.1436,79,7.09736,11.1309
4,ORB,BRISK,6.28873,1.41473,109,56.7442,85,7.70346,11.034
5,ORB,BRISK,6.75911,1.58971,125,56.6367,79,8.34881,9.46242
6,ORB,BRISK,7.01953,1.63139,130,56.7683,92,8.65092,10.6347
7,ORB,BRISK,6.95908,1.65664,129,55.4296,90,8.61572,10.446
8,ORB,BRISK,6.85887,1.64928,127,54.6723,88,8.50814,10.343
9,ORB,BRISK,7.08424,1.62685,128,54.3885,91,8.71109,10.4465

imageIndex,detectorType,descriptorType,detectorTime(in ms),descriptorTime(in ms),detectectedKeypoints,avg neighborood size,matchedKeypoints,totalTime(in ms),matches/ms,
0,AKAZE,BRISK,50.3678,2.03177,166,7.72918,NA,52.3996,
1,AKAZE,BRISK,46.7328,1.89601,157,7.49021,137,48.6288,2.81726
2,AKAZE,BRISK,44.3868,1.97352,161,7.45212,125,46.3603,2.69627
3,AKAZE,BRISK,47.714,1.9348,155,7.57523,129,49.6488,2.59825
4,AKAZE,BRISK,46.9328,2.00012,163,7.73319,129,48.933,2.63626
5,AKAZE,BRISK,47.717,2.03891,164,7.68804,131,49.7559,2.63285
6,AKAZE,BRISK,46.6956,2.04789,173,7.73879,132,48.7435,2.70805
7,AKAZE,BRISK,48.0489,2.06955,175,7.82613,142,50.1185,2.83329
8,AKAZE,BRISK,45.2945,2.08392,177,7.81556,146,47.3784,3.08157
9,AKAZE,BRISK,47.358,2.09474,179,7.88576,144,49.4527,2.91187


imageIndex,detectorType,descriptorType,detectorTime(in ms),descriptorTime(in ms),detectectedKeypoints,avg neighborood size,matchedKeypoints,totalTime(in ms),matches/ms,
0,HARRIS,BRIEF,14.4615,14.1351,17,6,NA,28.5965,
1,HARRIS,BRIEF,8.6339,9.97794,14,6,11,18.6118,0.591022
2,HARRIS,BRIEF,8.0403,10.3822,18,6,10,18.4225,0.542814
3,HARRIS,BRIEF,8.18716,10.7142,21,6,12,18.9014,0.634875
4,HARRIS,BRIEF,8.873,11.8879,26,6,14,20.7609,0.674344
5,HARRIS,BRIEF,15.881,12.7673,43,6,17,28.6483,0.593404
6,HARRIS,BRIEF,8.27115,11.534,18,6,14,19.8051,0.706888
7,HARRIS,BRIEF,10.4489,11.6383,31,6,11,22.0872,0.498025
8,HARRIS,BRIEF,8.71314,11.3258,26,6,20,20.0389,0.998057
9,HARRIS,BRIEF,11.4283,11.485,34,6,19,22.9132,0.829215

imageIndex,detectorType,descriptorType,detectorTime(in ms),descriptorTime(in ms),detectectedKeypoints,avg neighborood size,matchedKeypoints,totalTime(in ms),matches/ms,
0,SHITOMASI,BRIEF,8.334,12.8434,125,4,NA,21.1774,
1,SHITOMASI,BRIEF,8.19693,11.4587,118,4,73,19.6557,3.71394
2,SHITOMASI,BRIEF,8.63681,11.5828,123,4,70,20.2196,3.46198
3,SHITOMASI,BRIEF,8.37244,12.7972,120,4,65,21.1696,3.07044
4,SHITOMASI,BRIEF,8.3028,12.1455,120,4,72,20.4483,3.52107
5,SHITOMASI,BRIEF,8.27185,11.6961,113,4,62,19.9679,3.10498
6,SHITOMASI,BRIEF,8.51249,11.9342,114,4,62,20.4467,3.03227
7,SHITOMASI,BRIEF,7.99527,12.6875,123,4,74,20.6828,3.57786
8,SHITOMASI,BRIEF,8.37663,13.9237,111,4,73,22.3004,3.27349
9,SHITOMASI,BRIEF,12.6047,12.3567,112,4,71,24.9614,2.8444

imageIndex,detectorType,descriptorType,detectorTime(in ms),descriptorTime(in ms),detectectedKeypoints,avg neighborood size,matchedKeypoints,totalTime(in ms),matches/ms,
0,SIFT,BRIEF,81.7544,71.1267,138,4.98471,NA,152.881,
1,SIFT,BRIEF,81.8557,61.3933,132,5.0898,45,143.249,0.314138
2,SIFT,BRIEF,81.5546,63.3288,124,4.93927,48,144.883,0.331301
3,SIFT,BRIEF,81.2379,62.7323,137,4.73122,53,143.97,0.368132
4,SIFT,BRIEF,81.0124,63.3769,134,4.71959,57,144.389,0.394766
5,SIFT,BRIEF,82.572,62.5784,140,4.68397,53,145.15,0.365138
6,SIFT,BRIEF,83.3135,63.107,137,5.40797,45,146.42,0.307334
7,SIFT,BRIEF,82.0067,63.7542,148,4.62187,42,145.761,0.288143
8,SIFT,BRIEF,83.0664,64.9466,159,5.51997,64,148.013,0.432394
9,SIFT,BRIEF,83.1547,63.7922,137,5.6251,62,146.947,0.421921

imageIndex,detectorType,descriptorType,detectorTime(in ms),descriptorTime(in ms),detectectedKeypoints,avg neighborood size,matchedKeypoints,totalTime(in ms),matches/ms,
0,FAST,BRIEF,0.695384,16.342,149,7,NA,17.0374,
1,FAST,BRIEF,0.671041,15.8871,152,7,82,16.5581,4.95226
2,FAST,BRIEF,0.672987,14.5906,150,7,84,15.2636,5.50328
3,FAST,BRIEF,0.668899,14.9226,155,7,67,15.5915,4.29721
4,FAST,BRIEF,0.662716,14.9541,149,7,81,15.6168,5.18673
5,FAST,BRIEF,0.657335,15.685,149,7,70,16.3423,4.28336
6,FAST,BRIEF,0.667105,14.9066,156,7,83,15.5737,5.32948
7,FAST,BRIEF,0.676027,15.4879,150,7,90,16.1639,5.56797
8,FAST,BRIEF,0.670606,14.6897,138,7,86,15.3603,5.59886
9,FAST,BRIEF,0.651487,14.698,143,7,86,15.3495,5.60278

imageIndex,detectorType,descriptorType,detectorTime(in ms),descriptorTime(in ms),detectectedKeypoints,avg neighborood size,matchedKeypoints,totalTime(in ms),matches/ms,
0,BRISK,BRIEF,32.5676,28.5785,264,21.5492,NA,61.146,
1,BRISK,BRIEF,32.6266,25.8436,282,21.7853,71,58.4702,1.21429
2,BRISK,BRIEF,31.9197,26.8601,282,21.6509,75,58.7798,1.27595
3,BRISK,BRIEF,32.2851,28.0135,277,20.3583,66,60.2986,1.09455
4,BRISK,BRIEF,32.17,28.0962,297,22.5911,60,60.2662,0.995583
5,BRISK,BRIEF,31.6991,25.1573,279,22.9442,48,56.8564,0.844232
6,BRISK,BRIEF,31.7289,25.7962,289,21.8014,82,57.5251,1.42546
7,BRISK,BRIEF,31.1301,26.3329,272,22.1472,69,57.463,1.20077
8,BRISK,BRIEF,31.5478,27.4603,266,22.5558,66,59.0081,1.11849
9,BRISK,BRIEF,31.5981,25.7257,254,22.0389,75,57.3238,1.30836

imageIndex,detectorType,descriptorType,detectorTime(in ms),descriptorTime(in ms),detectectedKeypoints,avg neighborood size,matchedKeypoints,totalTime(in ms),matches/ms,
0,ORB,BRIEF,70.8111,31.8495,92,57.0723,NA,102.661,
1,ORB,BRIEF,6.34476,31.6555,102,57.2273,42,38.0002,1.10526
2,ORB,BRIEF,6.26482,34.3007,106,56.4948,45,40.5655,1.10932
3,ORB,BRIEF,5.91342,34.569,113,55.1436,34,40.4825,0.83987
4,ORB,BRIEF,6.18896,31.603,109,56.7442,48,37.7919,1.27011
5,ORB,BRIEF,6.34987,33.4481,125,56.6367,45,39.798,1.13071
6,ORB,BRIEF,6.04799,33.8907,130,56.7683,54,39.9387,1.35207
7,ORB,BRIEF,6.27175,35.3571,129,55.4296,53,41.6288,1.27316
8,ORB,BRIEF,6.46883,36.1406,127,54.6723,51,42.6095,1.19692
9,ORB,BRIEF,6.12826,34.1779,128,54.3885,55,40.3061,1.36456

imageIndex,detectorType,descriptorType,detectorTime(in ms),descriptorTime(in ms),detectectedKeypoints,avg neighborood size,matchedKeypoints,totalTime(in ms),matches/ms,
0,AKAZE,BRIEF,44.9541,19.115,166,7.72918,NA,64.0691,
1,AKAZE,BRIEF,41.4068,18.5034,157,7.49021,94,59.9102,1.56902
2,AKAZE,BRIEF,43.9793,17.8684,161,7.45212,95,61.8477,1.53603
3,AKAZE,BRIEF,41.3281,19.4197,155,7.57523,88,60.7478,1.44861
4,AKAZE,BRIEF,43.934,17.6197,163,7.73319,86,61.5537,1.39715
5,AKAZE,BRIEF,42.3916,22.613,164,7.68804,86,65.0045,1.32298
6,AKAZE,BRIEF,40.5748,18.5411,173,7.73879,98,59.1159,1.65776
7,AKAZE,BRIEF,41.4684,18.2655,175,7.82613,101,59.734,1.69083
8,AKAZE,BRIEF,41.3719,18.4104,177,7.81556,117,59.7823,1.9571
9,AKAZE,BRIEF,43.3619,19.0737,179,7.88576,114,62.4357,1.82588


imageIndex,detectorType,descriptorType,detectorTime(in ms),descriptorTime(in ms),detectectedKeypoints,avg neighborood size,matchedKeypoints,totalTime(in ms),matches/ms,
0,HARRIS,ORB,13.8526,15.6198,17,6,NA,29.4724,
1,HARRIS,ORB,8.80661,10.057,14,6,11,18.8636,0.583134
2,HARRIS,ORB,7.70102,11.2359,18,6,10,18.9369,0.528069
3,HARRIS,ORB,7.76346,11.0473,21,6,12,18.8107,0.637933
4,HARRIS,ORB,8.49554,12.4772,26,6,14,20.9727,0.667534
5,HARRIS,ORB,15.5235,11.7834,43,6,17,27.3069,0.622553
6,HARRIS,ORB,7.94139,12.0698,18,6,14,20.0112,0.699609
7,HARRIS,ORB,9.33856,13.6514,31,6,11,22.9899,0.47847
8,HARRIS,ORB,8.90856,11.0817,26,6,20,19.9902,1.00049
9,HARRIS,ORB,11.3729,11.4661,34,6,19,22.839,0.83191

imageIndex,detectorType,descriptorType,detectorTime(in ms),descriptorTime(in ms),detectectedKeypoints,avg neighborood size,matchedKeypoints,totalTime(in ms),matches/ms,
0,SHITOMASI,ORB,8.16403,13.0057,125,4,NA,21.1697,
1,SHITOMASI,ORB,8.7599,11.0687,118,4,73,19.8286,3.68155
2,SHITOMASI,ORB,8.52704,11.72,123,4,70,20.2471,3.45729
3,SHITOMASI,ORB,9.12811,12.4922,120,4,65,21.6203,3.00643
4,SHITOMASI,ORB,8.1383,11.4857,120,4,72,19.624,3.66898
5,SHITOMASI,ORB,8.57588,13.0395,113,4,62,21.6154,2.86832
6,SHITOMASI,ORB,8.3522,12.5649,114,4,62,20.9171,2.96408
7,SHITOMASI,ORB,8.16144,11.8352,123,4,74,19.9966,3.70063
8,SHITOMASI,ORB,8.33111,11.7249,111,4,73,20.0561,3.6398
9,SHITOMASI,ORB,8.20376,11.5879,112,4,71,19.7916,3.58737

imageIndex,detectorType,descriptorType,detectorTime(in ms),descriptorTime(in ms),detectectedKeypoints,avg neighborood size,matchedKeypoints,totalTime(in ms),matches/ms,
0,SIFT,ORB,82.2674,63.0825,138,4.98471,NA,145.35,
1,SIFT,ORB,74.1498,59.5704,132,5.0898,45,133.72,0.336524
2,SIFT,ORB,75.1814,58.7231,124,4.93927,48,133.904,0.358464
3,SIFT,ORB,76.0775,60.4642,137,4.73122,53,136.542,0.38816
4,SIFT,ORB,75.427,60.5507,134,4.71959,57,135.978,0.419186
5,SIFT,ORB,75.747,60.4406,140,4.68397,53,136.188,0.389169
6,SIFT,ORB,65.0396,60.208,137,5.40797,45,125.248,0.359288
7,SIFT,ORB,65.1546,61.5396,148,4.62187,42,126.694,0.331507
8,SIFT,ORB,76.3432,60.5649,159,5.51997,64,136.908,0.467467
9,SIFT,ORB,76.6695,59.6779,137,5.6251,62,136.347,0.454721

imageIndex,detectorType,descriptorType,detectorTime(in ms),descriptorTime(in ms),detectectedKeypoints,avg neighborood size,matchedKeypoints,totalTime(in ms),matches/ms,
0,FAST,ORB,0.682678,16.2532,149,7,NA,16.9359,
1,FAST,ORB,0.622918,14.0391,152,7,82,14.662,5.59269
2,FAST,ORB,0.614306,14.5379,150,7,84,15.1522,5.54375
3,FAST,ORB,0.608846,13.816,155,7,67,14.4249,4.64476
4,FAST,ORB,0.589328,14.3903,149,7,81,14.9796,5.40735
5,FAST,ORB,0.632561,13.753,149,7,70,14.3856,4.86598
6,FAST,ORB,0.745922,14.3263,156,7,83,15.0722,5.50683
7,FAST,ORB,0.614916,14.3868,150,7,90,15.0017,5.99933
8,FAST,ORB,0.605004,13.3997,138,7,86,14.0047,6.1408
9,FAST,ORB,0.617124,13.8821,143,7,86,14.4992,5.93135

imageIndex,detectorType,descriptorType,detectorTime(in ms),descriptorTime(in ms),detectectedKeypoints,avg neighborood size,matchedKeypoints,totalTime(in ms),matches/ms,
0,BRISK,ORB,29.9888,24.6428,264,21.5492,NA,54.6316,
1,BRISK,ORB,30.3611,24.7167,282,21.7853,71,55.0778,1.28908
2,BRISK,ORB,30.285,25.7021,282,21.6509,75,55.9871,1.33959
3,BRISK,ORB,33.971,26.3412,277,20.3583,66,60.3122,1.09431
4,BRISK,ORB,38.2816,28.3011,297,22.5911,60,66.5826,0.901136
5,BRISK,ORB,39.1831,27.242,279,22.9442,48,66.4251,0.722619
6,BRISK,ORB,38.7777,27.7719,289,21.8014,82,66.5496,1.23216
7,BRISK,ORB,39.8877,28.8431,272,22.1472,69,68.7308,1.00392
8,BRISK,ORB,38.454,27.4095,266,22.5558,66,65.8635,1.00207
9,BRISK,ORB,38.6145,27.4352,254,22.0389,75,66.0497,1.13551

imageIndex,detectorType,descriptorType,detectorTime(in ms),descriptorTime(in ms),detectectedKeypoints,avg neighborood size,matchedKeypoints,totalTime(in ms),matches/ms,
0,ORB,ORB,75.1235,33.8522,92,57.0723,NA,108.976,
1,ORB,ORB,7.67984,35.4064,102,57.2273,42,43.0863,0.974788
2,ORB,ORB,7.6429,36.6772,106,56.4948,45,44.3201,1.01534
3,ORB,ORB,8.08086,37.7093,113,55.1436,34,45.7902,0.742518
4,ORB,ORB,7.60611,35.908,109,56.7442,48,43.5141,1.10309
5,ORB,ORB,7.67284,35.8932,125,56.6367,45,43.566,1.03292
6,ORB,ORB,7.681,37.0211,130,56.7683,54,44.7021,1.208
7,ORB,ORB,7.65913,39.7964,129,55.4296,53,47.4555,1.11684
8,ORB,ORB,7.73783,40.3041,127,54.6723,51,48.042,1.06157
9,ORB,ORB,7.91993,38.8629,128,54.3885,55,46.7829,1.17564

imageIndex,detectorType,descriptorType,detectorTime(in ms),descriptorTime(in ms),detectectedKeypoints,avg neighborood size,matchedKeypoints,totalTime(in ms),matches/ms,
0,AKAZE,ORB,51.4174,23.1393,166,7.72918,NA,74.5566,
1,AKAZE,ORB,46.8395,22.6233,157,7.49021,94,69.4628,1.35324
2,AKAZE,ORB,49.6943,21.7446,161,7.45212,95,71.4388,1.32981
3,AKAZE,ORB,46.941,22.0631,155,7.57523,88,69.0041,1.27529
4,AKAZE,ORB,48.3046,21.5704,163,7.73319,86,69.8749,1.23077
5,AKAZE,ORB,51.5489,23.7721,164,7.68804,86,75.321,1.14178
6,AKAZE,ORB,47.2657,24.4712,173,7.73879,98,71.7369,1.3661
7,AKAZE,ORB,48.9683,21.9654,175,7.82613,101,70.9336,1.42387
8,AKAZE,ORB,47.2762,22.3617,177,7.81556,117,69.6379,1.68012
9,AKAZE,ORB,45.7636,21.956,179,7.88576,114,67.7196,1.68341


imageIndex,detectorType,descriptorType,detectorTime(in ms),descriptorTime(in ms),detectectedKeypoints,avg neighborood size,matchedKeypoints,totalTime(in ms),matches/ms,
0,HARRIS,FREAK,13.8606,14.6541,17,6,NA,28.5146,
1,HARRIS,FREAK,8.74668,10.1359,14,6,11,18.8826,0.582547
2,HARRIS,FREAK,7.90863,10.8615,18,6,10,18.7701,0.532763
3,HARRIS,FREAK,7.5173,9.72688,21,6,12,17.2442,0.695887
4,HARRIS,FREAK,7.90624,9.91929,26,6,14,17.8255,0.785391
5,HARRIS,FREAK,14.1036,10.1254,43,6,17,24.229,0.701638
6,HARRIS,FREAK,7.58982,9.90601,18,6,14,17.4958,0.800191
7,HARRIS,FREAK,8.51445,10.529,31,6,11,19.0434,0.577627
8,HARRIS,FREAK,8.05565,9.98031,26,6,20,18.036,1.1089
9,HARRIS,FREAK,10.3422,10.1234,34,6,19,20.4656,0.928388

imageIndex,detectorType,descriptorType,detectorTime(in ms),descriptorTime(in ms),detectectedKeypoints,avg neighborood size,matchedKeypoints,totalTime(in ms),matches/ms,
0,SHITOMASI,FREAK,7.80584,10.1126,125,4,NA,17.9185,
1,SHITOMASI,FREAK,7.63298,10.0257,118,4,73,17.6587,4.13395
2,SHITOMASI,FREAK,7.51249,10.5173,123,4,70,18.0298,3.88247
3,SHITOMASI,FREAK,7.60644,10.9598,120,4,65,18.5662,3.50098
4,SHITOMASI,FREAK,7.57836,10.3285,120,4,72,17.9069,4.0208
5,SHITOMASI,FREAK,7.55852,10.18,113,4,62,17.7385,3.49521
6,SHITOMASI,FREAK,7.78267,10.0814,114,4,62,17.8641,3.47065
7,SHITOMASI,FREAK,7.64833,10.2034,123,4,74,17.8517,4.14526
8,SHITOMASI,FREAK,8.4027,10.3818,111,4,73,18.7845,3.88617
9,SHITOMASI,FREAK,7.57265,10.823,112,4,71,18.3956,3.85962

imageIndex,detectorType,descriptorType,detectorTime(in ms),descriptorTime(in ms),detectectedKeypoints,avg neighborood size,matchedKeypoints,totalTime(in ms),matches/ms,
0,SIFT,FREAK,75.1647,73.8132,138,4.98471,NA,148.978,
1,SIFT,FREAK,74.3133,57.509,132,5.0898,45,131.822,0.341369
2,SIFT,FREAK,74.0526,58.4563,124,4.93927,48,132.509,0.36224
3,SIFT,FREAK,75.2405,60.5355,137,4.73122,53,135.776,0.390349
4,SIFT,FREAK,74.9215,59.5815,134,4.71959,57,134.503,0.423782
5,SIFT,FREAK,75.433,58.8233,140,4.68397,53,134.256,0.394767
6,SIFT,FREAK,74.8789,59.274,137,5.40797,45,134.153,0.335438
7,SIFT,FREAK,75.2312,60.0346,148,4.62187,42,135.266,0.3105
8,SIFT,FREAK,76.5385,59.921,159,5.51997,64,136.46,0.469004
9,SIFT,FREAK,75.869,59.4488,137,5.6251,62,135.318,0.458181

imageIndex,detectorType,descriptorType,detectorTime(in ms),descriptorTime(in ms),detectectedKeypoints,avg neighborood size,matchedKeypoints,totalTime(in ms),matches/ms,
0,FAST,FREAK,0.630338,14.9182,149,7,NA,15.5486,
1,FAST,FREAK,0.609949,14.5473,152,7,82,15.1572,5.40996
2,FAST,FREAK,0.587367,14.3409,150,7,84,14.9282,5.62692
3,FAST,FREAK,0.585776,13.3085,155,7,67,13.8943,4.82212
4,FAST,FREAK,0.618711,13.6818,149,7,81,14.3006,5.66412
5,FAST,FREAK,0.580756,13.9362,149,7,70,14.517,4.82193
6,FAST,FREAK,0.616402,13.9412,156,7,83,14.5576,5.70147
7,FAST,FREAK,0.624678,13.6844,150,7,90,14.309,6.28973
8,FAST,FREAK,0.634511,13.861,138,7,86,14.4956,5.93285
9,FAST,FREAK,0.603733,14.0335,143,7,86,14.6372,5.87543

imageIndex,detectorType,descriptorType,detectorTime(in ms),descriptorTime(in ms),detectectedKeypoints,avg neighborood size,matchedKeypoints,totalTime(in ms),matches/ms,
0,BRISK,FREAK,29.4003,24.9358,264,21.5492,NA,54.3361,
1,BRISK,FREAK,29.3913,24.1987,282,21.7853,71,53.5901,1.32487
2,BRISK,FREAK,29.2951,25.0926,282,21.6509,75,54.3877,1.37899
3,BRISK,FREAK,29.4578,24.8971,277,20.3583,66,54.3549,1.21424
4,BRISK,FREAK,29.9835,25.4198,297,22.5911,60,55.4033,1.08297
5,BRISK,FREAK,29.3789,24.3183,279,22.9442,48,53.6972,0.893901
6,BRISK,FREAK,29.452,24.6966,289,21.8014,82,54.1486,1.51435
7,BRISK,FREAK,29.4023,25.3119,272,22.1472,69,54.7142,1.2611
8,BRISK,FREAK,30.0541,25.1238,266,22.5558,66,55.1779,1.19613
9,BRISK,FREAK,29.6491,23.5321,254,22.0389,75,53.1812,1.41027

imageIndex,detectorType,descriptorType,detectorTime(in ms),descriptorTime(in ms),detectectedKeypoints,avg neighborood size,matchedKeypoints,totalTime(in ms),matches/ms,
0,ORB,FREAK,59.5889,28.8843,92,57.0723,NA,88.4733,
1,ORB,FREAK,5.9366,30.0974,102,57.2273,42,36.034,1.16556
2,ORB,FREAK,5.84312,33.7744,106,56.4948,45,39.6175,1.13586
3,ORB,FREAK,5.73187,33.9371,113,55.1436,34,39.669,0.857092
4,ORB,FREAK,5.92266,30.4489,109,56.7442,48,36.3716,1.31971
5,ORB,FREAK,5.93679,30.853,125,56.6367,45,36.7898,1.22317
6,ORB,FREAK,5.6564,33.8198,130,56.7683,54,39.4762,1.36791
7,ORB,FREAK,5.88619,36.4483,129,55.4296,53,42.3345,1.25194
8,ORB,FREAK,6.13362,35.3392,127,54.6723,51,41.4729,1.22972
9,ORB,FREAK,5.75367,33.3076,128,54.3885,55,39.0613,1.40804

imageIndex,detectorType,descriptorType,detectorTime(in ms),descriptorTime(in ms),detectectedKeypoints,avg neighborood size,matchedKeypoints,totalTime(in ms),matches/ms,
0,AKAZE,FREAK,42.8936,17.0488,166,7.72918,NA,59.9423,
1,AKAZE,FREAK,41.5244,16.6764,157,7.49021,94,58.2009,1.6151
2,AKAZE,FREAK,39.5284,17.1046,161,7.45212,95,56.6331,1.67747
3,AKAZE,FREAK,47.5953,16.6143,155,7.57523,88,64.2096,1.37051
4,AKAZE,FREAK,40.9742,16.7955,163,7.73319,86,57.7697,1.48867
5,AKAZE,FREAK,42.3522,16.7439,164,7.68804,86,59.0961,1.45526
6,AKAZE,FREAK,40.0046,19.213,173,7.73879,98,59.2176,1.65491
7,AKAZE,FREAK,38.2492,16.9689,175,7.82613,101,55.2181,1.82911
8,AKAZE,FREAK,39.8707,16.911,177,7.81556,117,56.7818,2.06052
9,AKAZE,FREAK,40.5581,16.8899,179,7.88576,114,57.448,1.9844


imageIndex,detectorType,descriptorType,detectorTime(in ms),descriptorTime(in ms),detectectedKeypoints,avg neighborood size,matchedKeypoints,totalTime(in ms),matches/ms,
0,HARRIS,AKAZE,14.5779,15.002,17,6,NA,29.5799,
1,HARRIS,AKAZE,9.3461,9.96447,14,6,11,19.3106,0.569636
2,HARRIS,AKAZE,7.54018,9.78943,18,6,10,17.3296,0.577047
3,HARRIS,AKAZE,7.45495,9.83088,21,6,12,17.2858,0.69421
4,HARRIS,AKAZE,7.79002,9.85438,26,6,14,17.6444,0.793453
5,HARRIS,AKAZE,14.2106,11.3382,43,6,17,25.5488,0.665392
6,HARRIS,AKAZE,7.273,9.82419,18,6,14,17.0972,0.818848
7,HARRIS,AKAZE,8.69525,9.91727,31,6,11,18.6125,0.591
8,HARRIS,AKAZE,8.15604,9.83389,26,6,20,17.9899,1.11173
9,HARRIS,AKAZE,10.2658,10.4963,34,6,19,20.7621,0.91513

imageIndex,detectorType,descriptorType,detectorTime(in ms),descriptorTime(in ms),detectectedKeypoints,avg neighborood size,matchedKeypoints,totalTime(in ms),matches/ms,
0,SHITOMASI,AKAZE,7.70182,11.0752,125,4,NA,18.777,
1,SHITOMASI,AKAZE,7.53547,10.1872,118,4,73,17.7227,4.11902
2,SHITOMASI,AKAZE,7.59343,10.7575,123,4,70,18.3509,3.81452
3,SHITOMASI,AKAZE,7.61059,10.2468,120,4,65,17.8574,3.63996
4,SHITOMASI,AKAZE,9.24144,11.8211,120,4,72,21.0625,3.4184
5,SHITOMASI,AKAZE,7.70147,10.3008,113,4,62,18.0022,3.44401
6,SHITOMASI,AKAZE,7.72605,9.95232,114,4,62,17.6784,3.50711
7,SHITOMASI,AKAZE,7.52297,10.5762,123,4,74,18.0992,4.08858
8,SHITOMASI,AKAZE,7.58126,9.91966,111,4,73,17.5009,4.17121
9,SHITOMASI,AKAZE,8.16284,10.1558,112,4,71,18.3187,3.87583

imageIndex,detectorType,descriptorType,detectorTime(in ms),descriptorTime(in ms),detectectedKeypoints,avg neighborood size,matchedKeypoints,totalTime(in ms),matches/ms,
0,SIFT,AKAZE,74.0448,63.5828,138,4.98471,NA,137.628,
1,SIFT,AKAZE,75.7357,59.5112,132,5.0898,45,135.247,0.332725
2,SIFT,AKAZE,72.6652,60.0111,124,4.93927,48,132.676,0.361783
3,SIFT,AKAZE,73.4093,59.2479,137,4.73122,53,132.657,0.399526
4,SIFT,AKAZE,75.8506,61.1127,134,4.71959,57,136.963,0.41617
5,SIFT,AKAZE,61.2157,60.3918,140,4.68397,53,121.608,0.435828
6,SIFT,AKAZE,61.6249,59.4201,137,5.40797,45,121.045,0.371763
7,SIFT,AKAZE,61.6425,66.7089,148,4.62187,42,128.351,0.327227
8,SIFT,AKAZE,62.9282,60.4482,159,5.51997,64,123.376,0.518738
9,SIFT,AKAZE,64.2287,60.2826,137,5.6251,62,124.511,0.497947

imageIndex,detectorType,descriptorType,detectorTime(in ms),descriptorTime(in ms),detectectedKeypoints,avg neighborood size,matchedKeypoints,totalTime(in ms),matches/ms,
0,FAST,AKAZE,0.589076,13.6171,149,7,NA,14.2062,
1,FAST,AKAZE,0.572928,14.6165,152,7,82,15.1895,5.39848
2,FAST,AKAZE,0.569953,12.6853,150,7,84,13.2552,6.33712
3,FAST,AKAZE,0.5693,13.1101,155,7,67,13.6794,4.89789
4,FAST,AKAZE,0.573517,12.7605,149,7,81,13.334,6.0747
5,FAST,AKAZE,0.564438,13.1879,149,7,70,13.7523,5.09005
6,FAST,AKAZE,0.569577,13.3787,156,7,83,13.9482,5.95057
7,FAST,AKAZE,0.56968,13.1805,150,7,90,13.7502,6.54537
8,FAST,AKAZE,0.573229,13.4245,138,7,86,13.9977,6.14385
9,FAST,AKAZE,0.571334,12.8148,143,7,86,13.3862,6.42454

imageIndex,detectorType,descriptorType,detectorTime(in ms),descriptorTime(in ms),detectectedKeypoints,avg neighborood size,matchedKeypoints,totalTime(in ms),matches/ms,
0,BRISK,AKAZE,27.9876,24.7015,264,21.5492,NA,52.689,
1,BRISK,AKAZE,31.504,23.9131,282,21.7853,71,55.4171,1.28119
2,BRISK,AKAZE,27.8739,23.8419,282,21.6509,75,51.7158,1.45023
3,BRISK,AKAZE,27.7692,24.4238,277,20.3583,66,52.193,1.26454
4,BRISK,AKAZE,28.2867,24.8322,297,22.5911,60,53.1189,1.12954
5,BRISK,AKAZE,27.794,26.7281,279,22.9442,48,54.5221,0.880377
6,BRISK,AKAZE,27.78,24.9488,289,21.8014,82,52.7288,1.55513
7,BRISK,AKAZE,28.6298,24.0461,272,22.1472,69,52.6759,1.3099
8,BRISK,AKAZE,28.0024,24.1576,266,22.5558,66,52.16,1.26534
9,BRISK,AKAZE,28.6642,23.7794,254,22.0389,75,52.4436,1.43011

imageIndex,detectorType,descriptorType,detectorTime(in ms),descriptorTime(in ms),detectectedKeypoints,avg neighborood size,matchedKeypoints,totalTime(in ms),matches/ms,
0,ORB,AKAZE,59.3066,29.0705,92,57.0723,NA,88.3771,
1,ORB,AKAZE,5.75692,29.1863,102,57.2273,42,34.9432,1.20195
2,ORB,AKAZE,5.87385,31.6604,106,56.4948,45,37.5342,1.19891
3,ORB,AKAZE,5.94483,30.63,113,55.1436,34,36.5748,0.929602
4,ORB,AKAZE,5.80289,30.0541,109,56.7442,48,35.857,1.33865
5,ORB,AKAZE,5.73618,30.6034,125,56.6367,45,36.3396,1.23832
6,ORB,AKAZE,6.15635,31.3017,130,56.7683,54,37.4581,1.44161
7,ORB,AKAZE,6.90167,35.114,129,55.4296,53,42.0156,1.26144
8,ORB,AKAZE,6.03805,36.5743,127,54.6723,51,42.6123,1.19684
9,ORB,AKAZE,6.31381,31.9992,128,54.3885,55,38.313,1.43554

imageIndex,detectorType,descriptorType,detectorTime(in ms),descriptorTime(in ms),detectectedKeypoints,avg neighborood size,matchedKeypoints,totalTime(in ms),matches/ms,
0,AKAZE,AKAZE,43.4766,16.2855,166,7.72918,NA,59.7621,
1,AKAZE,AKAZE,41.7416,16.689,157,7.49021,94,58.4306,1.60875
2,AKAZE,AKAZE,40.8761,19.1424,161,7.45212,95,60.0185,1.58285
3,AKAZE,AKAZE,40.7332,17.4132,155,7.57523,88,58.1464,1.51342
4,AKAZE,AKAZE,45.1459,17.2187,163,7.73319,86,62.3647,1.37899
5,AKAZE,AKAZE,39.5116,16.7575,164,7.68804,86,56.2691,1.52837
6,AKAZE,AKAZE,43.9867,18.7805,173,7.73879,98,62.7672,1.56133
7,AKAZE,AKAZE,42.5214,16.6101,175,7.82613,101,59.1314,1.70806
8,AKAZE,AKAZE,40.5269,16.8118,177,7.81556,117,57.3388,2.0405
9,AKAZE,AKAZE,40.3951,17.7455,179,7.88576,114,58.1407,1.96076


imageIndex,detectorType,descriptorType,detectorTime(in ms),descriptorTime(in ms),detectectedKeypoints,avg neighborood size,matchedKeypoints,totalTime(in ms),matches/ms,
0,HARRIS,SIFT,14.0716,29.5988,17,6,NA,43.6704,
1,HARRIS,SIFT,9.85406,25.4829,14,6,11,35.3369,0.311289
2,HARRIS,SIFT,8.26499,25.6732,18,6,9,33.9382,0.265188
3,HARRIS,SIFT,8.27937,25.471,21,6,13,33.7504,0.385181
4,HARRIS,SIFT,8.20798,25.4614,26,6,14,33.6694,0.415808
5,HARRIS,SIFT,15.1923,26.7922,43,6,13,41.9845,0.309638
6,HARRIS,SIFT,8.38105,25.4685,18,6,18,33.8496,0.531764
7,HARRIS,SIFT,8.85396,25.5372,31,6,10,34.3912,0.290772
8,HARRIS,SIFT,8.1889,25.3055,26,6,17,33.4944,0.507548
9,HARRIS,SIFT,10.5643,25.6041,34,6,18,36.1684,0.497672

imageIndex,detectorType,descriptorType,detectorTime(in ms),descriptorTime(in ms),detectectedKeypoints,avg neighborood size,matchedKeypoints,totalTime(in ms),matches/ms,
0,SHITOMASI,SIFT,8.03163,26.1195,125,4,NA,34.1511,
1,SHITOMASI,SIFT,8.323,25.862,118,4,66,34.185,1.93067
2,SHITOMASI,SIFT,8.30663,25.9619,123,4,66,34.2686,1.92596
3,SHITOMASI,SIFT,8.20133,26.1428,120,4,64,34.3441,1.86349
4,SHITOMASI,SIFT,7.81944,25.8557,120,4,63,33.6752,1.87081
5,SHITOMASI,SIFT,8.14486,25.5855,113,4,62,33.7304,1.83811
6,SHITOMASI,SIFT,7.87419,25.8589,114,4,64,33.7331,1.89725
7,SHITOMASI,SIFT,8.18342,26.0382,123,4,61,34.2217,1.7825
8,SHITOMASI,SIFT,7.94714,25.8053,111,4,65,33.7524,1.92579
9,SHITOMASI,SIFT,8.13522,25.9764,112,4,63,34.1116,1.84688

imageIndex,detectorType,descriptorType,detectorTime(in ms),descriptorTime(in ms),detectectedKeypoints,avg neighborood size,matchedKeypoints,totalTime(in ms),matches/ms,
0,SIFT,SIFT,73.0658,26.6859,138,4.98471,NA,99.7517,
1,SIFT,SIFT,75.0481,29.7258,132,5.0898,59,104.774,0.563117
2,SIFT,SIFT,75.0626,29.3598,124,4.93927,63,104.422,0.603319
3,SIFT,SIFT,75.7297,30.0616,137,4.73122,54,105.791,0.510439
4,SIFT,SIFT,76.0337,31.4244,134,4.71959,64,107.458,0.595581
5,SIFT,SIFT,74.9926,28.8839,140,4.68397,51,103.876,0.490968
6,SIFT,SIFT,76.5647,29.6966,137,5.40797,50,106.261,0.470538
7,SIFT,SIFT,76.1079,29.2466,148,4.62187,47,105.355,0.446113
8,SIFT,SIFT,75.6897,30.4739,159,5.51997,53,106.164,0.49923
9,SIFT,SIFT,75.5101,30.1083,137,5.6251,65,105.618,0.615423

imageIndex,detectorType,descriptorType,detectorTime(in ms),descriptorTime(in ms),detectectedKeypoints,avg neighborood size,matchedKeypoints,totalTime(in ms),matches/ms,
0,FAST,SIFT,0.598921,27.8775,149,7,NA,28.4765,
1,FAST,SIFT,0.574229,26.8163,152,7,64,27.3905,2.33657
2,FAST,SIFT,0.570056,26.883,150,7,80,27.4531,2.91406
3,FAST,SIFT,0.586868,26.7646,155,7,65,27.3515,2.37647
4,FAST,SIFT,0.567922,26.7831,149,7,79,27.351,2.88837
5,FAST,SIFT,0.565288,26.5383,149,7,61,27.1036,2.25062
6,FAST,SIFT,0.574408,26.6725,156,7,76,27.2469,2.78931
7,FAST,SIFT,0.566018,26.582,150,7,83,27.148,3.05731
8,FAST,SIFT,0.619658,26.9358,138,7,77,27.5555,2.79436
9,FAST,SIFT,0.585731,27.0375,143,7,82,27.6232,2.96852

imageIndex,detectorType,descriptorType,detectorTime(in ms),descriptorTime(in ms),detectectedKeypoints,avg neighborood size,matchedKeypoints,totalTime(in ms),matches/ms,
0,BRISK,SIFT,28.6669,27.1646,264,21.5492,NA,55.8315,
1,BRISK,SIFT,28.525,27.4885,282,21.7853,114,56.0135,2.03522
2,BRISK,SIFT,28.6904,27.1511,282,21.6509,121,55.8415,2.16685
3,BRISK,SIFT,28.2271,27.2741,277,20.3583,113,55.5012,2.03599
4,BRISK,SIFT,28.2176,27.1779,297,22.5911,118,55.3955,2.13014
5,BRISK,SIFT,28.2604,27.198,279,22.9442,103,55.4584,1.85725
6,BRISK,SIFT,28.7219,27.3837,289,21.8014,129,56.1056,2.29923
7,BRISK,SIFT,28.5046,32.0682,272,22.1472,135,60.5729,2.22872
8,BRISK,SIFT,28.163,27.1566,266,22.5558,129,55.3196,2.3319
9,BRISK,SIFT,28.4444,27.4697,254,22.0389,131,55.9141,2.34288

imageIndex,detectorType,descriptorType,detectorTime(in ms),descriptorTime(in ms),detectectedKeypoints,avg neighborood size,matchedKeypoints,totalTime(in ms),matches/ms,
0,ORB,SIFT,61.2225,27.5069,92,57.0723,NA,88.7294,
1,ORB,SIFT,5.57299,27.3055,102,57.2273,39,32.8785,1.18619
2,ORB,SIFT,5.65509,27.1796,106,56.4948,33,32.8347,1.00503
3,ORB,SIFT,8.04692,26.3825,113,55.1436,37,34.4294,1.07466
4,ORB,SIFT,5.72127,26.8901,109,56.7442,40,32.6114,1.22657
5,ORB,SIFT,5.8938,27.1216,125,56.6367,33,33.0154,0.999534
6,ORB,SIFT,5.6423,27.0982,130,56.7683,40,32.7405,1.22173
7,ORB,SIFT,5.59502,26.9394,129,55.4296,41,32.5344,1.2602
8,ORB,SIFT,5.69438,27.0777,127,54.6723,39,32.7721,1.19004
9,ORB,SIFT,5.74337,27.0309,128,54.3885,44,32.7743,1.34252

imageIndex,detectorType,descriptorType,detectorTime(in ms),descriptorTime(in ms),detectectedKeypoints,avg neighborood size,matchedKeypoints,totalTime(in ms),matches/ms,
0,AKAZE,SIFT,41.1565,26.7426,166,7.72918,NA,67.8991,
1,AKAZE,SIFT,37.4585,26.8033,157,7.49021,103,64.2619,1.60282
2,AKAZE,SIFT,36.9436,26.7095,161,7.45212,105,63.6531,1.64957
3,AKAZE,SIFT,38.2794,26.9182,155,7.57523,93,65.1977,1.42643
4,AKAZE,SIFT,38.4624,26.8484,163,7.73319,99,65.3108,1.51583
5,AKAZE,SIFT,36.7187,26.8919,164,7.68804,97,63.6107,1.5249
6,AKAZE,SIFT,37.7036,26.8854,173,7.73879,115,64.589,1.78049
7,AKAZE,SIFT,37.0647,28.0302,175,7.82613,126,65.095,1.93563
8,AKAZE,SIFT,37.7686,27.2508,177,7.81556,118,65.0195,1.81484
9,AKAZE,SIFT,40.5772,28.5555,179,7.88576,117,69.1326,1.6924


